id;hashtags
id;
1;
2;
3;
4;
5;
6;
7;NationalVoterRegistrationDay
8;
9;
10;
11;
12;VoterRegistrationDay
13;MakeAmericaGreatAgain
14;MAGA
15;
16;ImWithYou
17;MAGA
18;
19;NationalVoterRegistrationDay
20;LoveTrumpsHate
21;StrongerTogether
22;
23;
24;
25;
26;
27;
28;
29;
30;NationalVoterRegistrationDay
31;NationalVoterRegistrationDay
32;Debates2016
33;NationalVoterRegistrationDay
34;MAGA
35;SheWon
36;iRegistered
37;
38;
39;NationalVoterRegistrationDay
40;SheWon
41;AmericaFirst
42;NationalVoterRegistrationDay
43;ImWithYou
44;MAGA
45;SheWon
46;
47;SheWon
48;TrumpWon
49;MAGA
50;
51;
52;F1
53;TrumpWon
54;
55;
56;SheWon
57;AmericaFirst
58;ImWithYou
59;DebateNight
60;MAGA
61;DebateNight
62;DebateNight
63;AmericaFirst
64;debatenight
65;MAGA
66;DebateNight
67;AmericaFirst
68;AmericaFirst
69;Debates2016
70;debatenight
71;DebateNight
72;Debates2016
73;ImWithHer
74;debatenight
75;MAGA
76;Debates2016
77;debatenight
78;debatenight
79;debatenight
80;DebateNight
81;Benghazi
82;debatenight
83;debatenight
84;ISIS
85;debatenight
86;debatenight
87;DebateNight
88;
89;debatenight
90;DebateNight
91;
92;
93;debate
94;Debates2016
95;Debates2016
96;DebateNight
97;MAGA
98;
99;debate
100;debatenight
101;
102;DebateNight
103;DebateNight
104;
105;Debate
106;debatenight
107;DebateNight
108;debatenight
109;DebateNight
110;DebateNight
111;debatenight
112;DebateNight
113;MAGA
114;Debates2016
115;debatenight
116;MAGA
117;DebateNight
118;Debates2016
119;debatenight
120;
121;debatenight
122;Debates2016
123;
124;
125;DebateNight
126;Debates2016
127;
128;debate
129;debatenight
130;TPP
131;Debates2016
132;debatenight
133;DebateNight
134;
135;
136;debate
137;
138;Debates2016
139;
140;
141;DebateNight
142;DebateNight
143;DebateNight
144;DebateNight
145;DebateNight
146;DebateNight
147;
148;DebateNight
149;
150;
151;DebateNight
152;TrumpPence16
153;DebateNight
154;DebateNight
155;
156;
157;
158;
159;
160;DebateNight
161;Polls
162;DebateNight
163;DebateNight
164;DebateNight
165;slipping
166;Debates2016
167;
168;Debates2016
169;TrumpTrain
170;
171;
172;
173;
174;
175;LoveTrumpsHate
176;
177;
178;
179;
180;
181;
182;
183;
184;
185;
186;
187;
188;
189;
190;
191;
192;
193;AmericaFirst
194;
195;
196;
197;
198;
199;LoveTrumpsHate
200;
201;
202;
203;
204;
205;
206;TrumpTrain
207;MAGA
208;
209;DeclareYourAmbition
210;
211;
212;
213;
214;
215;
216;
217;
218;
219;OpioidAwarenessWeek
220;
221;
222;
223;TrumpTrain
224;MAGA
225;
226;
227;
228;
229;
230;
231;
232;MakeAmericaGreatAgain
233;
234;
235;
236;
237;
238;
239;
240;
241;
242;ADA
243;MAGA
244;imwithher
245;CripTheVote
246;
247;
248;
249;
250;
251;
252;
253;
254;
255;MAGA
256;
257;
258;
259;
260;
261;
262;
263;
264;
265;
266;
267;
268;
269;
270;
271;
272;
273;
274;
275;
276;
277;
278;
279;
280;
281;
282;
283;
284;
285;
286;
287;
288;
289;
290;
291;
292;
293;
294;
295;
296;TerenceCrutcher
297;
298;
299;UNGA
300;
301;
302;
303;
304;AmericaFirst
305;AmericaFirst
306;MakeAmericaGreatAgain
307;MakeAmericaGreatAgain
308;
309;
310;
311;ImWithYou
312;AmericaFirst
313;
314;
315;
316;
317;
318;
319;
320;
321;
322;
323;
324;
325;
326;
327;
328;
329;
330;
331;
332;
333;
334;
335;
336;
337;
338;
339;
340;
341;
342;
343;
344;
345;
346;
347;
348;
349;
350;
351;
352;
353;
354;
355;
356;
357;
358;
359;
360;
361;
362;
363;
364;
365;
366;
367;
368;polls
369;
370;
371;
372;
373;
374;
375;
376;
377;
378;
379;
380;
381;
382;
383;
384;
385;
386;
387;
388;
389;
390;
391;
392;
393;
394;
395;
396;
397;
398;
399;
400;
401;
402;
403;
404;
405;
406;
407;
408;
409;
410;
411;
412;
413;MAGA
414;
415;
416;
417;
418;
419;
420;
421;
422;
423;
424;
425;
426;
427;
428;
429;
430;
431;
432;
433;
434;
435;
436;
437;
438;
439;
440;
441;
442;
443;
444;
445;
446;
447;
448;
449;
450;
451;
452;
453;
454;
455;
456;
457;
458;
459;AmericaFirst
460;
461;
462;TheDonald
463;MyTeacherIsWeird
464;JimmyFallon
465;TheTonightShow
466;TrumpPence16
467;FallonTonight
468;
469;
470;
471;
472;
473;
474;
475;
476;
477;
478;
479;
480;
481;
482;
483;
484;HispanicHeritageMonth
485;
486;
487;
488;
489;
490;
491;
492;
493;
494;
495;
496;
497;
498;
499;
500;
501;
502;
503;
504;MAGA
505;
506;
507;
508;
509;LESM
510;MAGA
511;MAGA
512;
513;
514;
515;
516;
517;
518;
519;
520;LibrarianOfCongress
521;MAGA
522;AmericaFirst
523;WeTrumpHate
524;
525;
526;
527;
528;
529;
530;
531;
532;
533;
534;
535;
536;
537;
538;
539;
540;
541;ImWithYou
542;
543;
544;
545;
546;
547;
548;
549;
550;
551;
552;
553;
554;
555;
556;
557;
558;
559;
560;
561;ImWithYou
562;AmericaFirst
563;
564;
565;
566;
567;
568;
569;
570;
571;
572;
573;
574;
575;
576;
577;
578;
579;
580;
581;
582;
583;
584;election2016
585;
586;
587;
588;
589;
590;
591;
592;
593;
594;
595;
596;
597;
598;
599;
600;
601;
602;
603;
604;
605;
606;
607;
608;
609;MakeAmericaGreatAgain
610;
611;MakeAmericaGreatAgain
612;
613;
614;AmericaFirst
615;MAGA
616;
617;
618;
619;
620;
621;
622;
623;
624;
625;
626;
627;MAGA
628;
629;
630;
631;
632;
633;
634;
635;
636;
637;
638;
639;
640;
641;
642;
643;
644;
645;
646;
647;
648;
649;
650;
651;
652;
653;
654;
655;
656;
657;
658;
659;
660;
661;
662;
663;
664;
665;
666;
667;
668;
669;AmericaFirst
670;
671;
672;
673;
674;
675;
676;
677;AmericaFirst
678;ImWithYou
679;LoveTrumpsHate
680;
681;
682;
683;
684;
685;MakeAmericaGreatAgain
686;
687;
688;
689;
690;
691;
692;
693;
694;ImWithYou
695;MAGA
696;
697;AmericaFirst
698;TrumpTrain
699;
700;
701;
702;
703;
704;
705;
706;
707;
708;
709;
710;
711;
712;
713;
714;
715;AmericaFirst
716;ImWithYou
717;
718;
719;
720;
721;
722;
723;
724;
725;POTUS
726;
727;
728;
729;
730;
731;
732;
733;
734;
735;
736;
737;
738;
739;CommanderInChiefForum
740;
741;
742;
743;
744;NBCNewsForum
745;NBCNewsForum
746;
747;
748;
749;NBCNewsForum
750;NBCNewsForum
751;NBCNewsForum
752;
753;NBCNewsForum
754;
755;
756;
757;NBCNewsForum
758;NBCNewsForum
759;NBCNewsForum
760;NBCNewsForum
761;NBCNewsForum
762;
763;NBCNewsForum
764;
765;
766;
767;
768;
769;
770;AmericaFirst
771;
772;
773;
774;
775;
776;
777;
778;
779;
780;
781;AmericaFirst
782;MAGA
783;
784;
785;
786;media
787;
788;
789;
790;
791;VoteTrump
792;MakeAmericaGreatAgain
793;
794;
795;
796;
797;ImWithYou
798;
799;
800;
801;
802;
803;
804;
805;
806;
807;
808;
809;
810;VoteTrump
811;VoteTrump
812;ImWithYou
813;
814;F1
815;
816;AmericaFirst
817;
818;
819;
820;
821;
822;
823;
824;
825;AmericaFirst
826;
827;
828;
829;
830;LaborDay
831;AmericaFirst
832;
833;
834;LaborDay
835;AmericaFirst
836;MAGA
837;
838;
839;
840;
841;
842;
843;
844;
845;
846;
847;
848;
849;
850;
851;
852;
853;
854;
855;
856;
857;
858;
859;
860;
861;
862;
863;
864;
865;
866;
867;
868;
869;
870;
871;MakeAmericaGreatAgain
872;ImWithYou
873;
874;
875;
876;
877;MAGA
878;
879;
880;
881;
882;
883;
884;
885;
886;
887;
888;
889;
890;
891;
892;ImWithYou
893;
894;
895;
896;
897;
898;
899;
900;ALConvention2016
901;
902;
903;
904;
905;
906;AmericaFirst
907;AmericaFirst
908;MakeAmericaGreatAgain
909;MakeAmericaGreatAgain
910;TrumpPence16
911;ImWithYou
912;ImWithYou
913;ImWithYou
914;
915;
916;
917;ImWithYou
918;
919;
920;
921;
922;
923;
924;
925;
926;
927;
928;
929;
930;
931;
932;
933;
934;
935;
936;
937;
938;
939;
940;
941;
942;
943;
944;
945;
946;
947;ImWithYou
948;AmericaFirst
949;
950;TrumpinEverett
951;
952;
953;MAGA
954;
955;
956;
957;MAGA
958;
959;
960;
961;
962;
963;
964;
965;
966;
967;
968;
969;
970;ImWithYou
971;ImWithYou
972;
973;
974;Obamacare
975;
976;
977;
978;
979;RIP
980;JuanGabriel
981;DivoDeJuarez
982;
983;
984;
985;
986;
987;
988;
989;
990;
991;
992;
993;
994;
995;
996;
997;GoodTrouble
998;
999;
1000;
1001;
1002;
1003;VoteTrump
1004;
1005;TrumpPence2016
1006;NeverHillary
1007;StrongerTogether
1008;
1009;ImWithYou
1010;
1011;
1012;StrongerTogether
1013;
1014;
1015;
1016;
1017;BlackMenForBernie
1018;Hillary2016
1019;BlacksForTrump
1020;ImWithYou
1021;AmericaFirst
1022;ImWithYou
1023;TrumpPence16
1024;MakeAmericaGreatAgain
1025;Enjoy
1026;
1027;
1028;WomensEqualityDay
1029;
1030;
1031;
1032;CrookedHillary
1033;
1034;WomensEqualityDay
1035;
1036;
1037;WomensEqualityDay
1038;
1039;
1040;
1041;WomensEqualityDay
1042;
1043;
1044;
1045;
1046;
1047;
1048;
1049;
1050;
1051;FlashbackFriday
1052;
1053;
1054;
1055;
1056;
1057;NPS100
1058;
1059;
1060;
1061;
1062;
1063;
1064;CrookedHillary
1065;
1066;
1067;
1068;
1069;
1070;
1071;
1072;
1073;
1074;
1075;
1076;
1077;
1078;
1079;
1080;
1081;
1082;
1083;
1084;
1085;
1086;
1087;
1088;
1089;
1090;
1091;
1092;
1093;
1094;
1095;
1096;
1097;
1098;
1099;
1100;
1101;
1102;
1103;NPS100
1104;
1105;
1106;brexit
1107;MAGA
1108;
1109;
1110;
1111;Hannity
1112;BuildTheWall
1113;AmericaFirst
1114;ImWithYou
1115;TrumpPence16
1116;
1117;
1118;
1119;
1120;
1121;MakeAmericaGreatAgain
1122;MakeAmericaGreatAgain
1123;
1124;MakeAmericaSafeAgain
1125;
1126;
1127;
1128;MakeAmericaGreatAgain
1129;
1130;
1131;ImWithHer
1132;
1133;Diwali
1134;
1135;BlackWomensEqualPay
1136;
1137;
1138;LAflood
1139;
1140;
1141;
1142;
1143;smallbiz
1144;
1145;
1146;
1147;
1148;
1149;
1150;
1151;
1152;
1153;
1154;
1155;
1156;
1157;
1158;
1159;
1160;
1161;
1162;
1163;
1164;
1165;
1166;
1167;
1168;
1169;
1170;
1171;
1172;
1173;
1174;TeamTrump
1175;MAGA
1176;TrumpPence16
1177;
1178;
1179;
1180;
1181;
1182;
1183;
1184;
1185;
1186;
1187;
1188;
1189;
1190;
1191;
1192;MAGA
1193;TrumpPence16
1194;
1195;
1196;
1197;
1198;
1199;
1200;
1201;TrumpPence16
1202;
1203;
1204;
1205;MAGA
1206;AlwaysTrump
1207;
1208;WheresHillary
1209;
1210;
1211;
1212;
1213;
1214;TrumpPence16
1215;
1216;WHD
1217;
1218;
1219;
1220;
1221;
1222;
1223;ImWithYou
1224;TrumpTrain
1225;
1226;
1227;
1228;
1229;MakeAmericaGreatAgain
1230;
1231;
1232;
1233;
1234;
1235;RosanellEaton
1236;
1237;
1238;
1239;
1240;
1241;
1242;
1243;
1244;
1245;
1246;
1247;
1248;
1249;
1250;
1251;
1252;MakeAmericaGreatAgain
1253;ImWithYou
1254;
1255;Obamacare
1256;
1257;
1258;
1259;
1260;
1261;
1262;
1263;
1264;
1265;ImWithYou
1266;MakeAmericaGreatAgain
1267;ImWithYou
1268;ImWithYou
1269;LawandOrder
1270;LawandOrder
1271;ImWithYou
1272;MakeAmericaGreatAgain
1273;ImWithYou
1274;
1275;
1276;
1277;
1278;
1279;
1280;Obamacare
1281;
1282;
1283;
1284;
1285;
1286;
1287;
1288;
1289;
1290;
1291;
1292;
1293;DACA
1294;
1295;
1296;
1297;
1298;extremevetting
1299;
1300;
1301;
1302;
1303;
1304;
1305;
1306;
1307;
1308;
1309;
1310;
1311;
1312;
1313;
1314;
1315;
1316;
1317;
1318;
1319;
1320;
1321;
1322;
1323;
1324;
1325;
1326;
1327;
1328;
1329;
1330;
1331;
1332;
1333;
1334;
1335;
1336;
1337;
1338;
1339;
1340;
1341;
1342;
1343;
1344;
1345;
1346;
1347;
1348;
1349;
1350;MakeAmericaGreatAgain
1351;USA
1352;
1353;
1354;
1355;TrumpTrain
1356;
1357;
1358;
1359;
1360;
1361;
1362;
1363;
1364;
1365;
1366;MakeAmericaGreatAgain
1367;
1368;
1369;YouthDay
1370;MAGA
1371;
1372;
1373;
1374;
1375;
1376;
1377;
1378;
1379;
1380;
1381;
1382;
1383;
1384;
1385;
1386;
1387;TBT
1388;
1389;
1390;
1391;
1392;
1393;
1394;
1395;
1396;
1397;
1398;
1399;
1400;
1401;
1402;
1403;
1404;
1405;
1406;
1407;
1408;
1409;
1410;
1411;
1412;
1413;
1414;
1415;
1416;
1417;
1418;
1419;
1420;
1421;
1422;
1423;
1424;
1425;
1426;
1427;
1428;MakeAmericaGreatAgain
1429;
1430;
1431;
1432;
1433;
1434;
1435;
1436;
1437;
1438;
1439;
1440;
1441;MakeAmericaGreatAgain
1442;
1443;MAGA
1444;
1445;
1446;
1447;
1448;
1449;
1450;
1451;
1452;
1453;
1454;LESM
1455;
1456;
1457;
1458;
1459;
1460;
1461;TrumpPence16
1462;
1463;TrumpPence16
1464;
1465;
1466;MakeAmericaGreatAgain
1467;ElectionDay
1468;SCOTUS
1469;2A
1470;DefendtheSecond
1471;NeverHillary
1472;NeverHillary
1473;
1474;
1475;
1476;MAGA
1477;NeverHillary
1478;
1479;
1480;
1481;
1482;
1483;
1484;
1485;
1486;
1487;
1488;
1489;
1490;MakeAmericaGreatAgain
1491;
1492;
1493;
1494;
1495;
1496;taxplan
1497;smallbiz
1498;
1499;
1500;
1501;
1502;
1503;
1504;
1505;NeverTrump
1506;
1507;
1508;
1509;
1510;
1511;
1512;
1513;
1514;
1515;
1516;
1517;
1518;
1519;ICYMI
1520;
1521;
1522;
1523;
1524;
1525;
1526;PurpleHeartDay
1527;
1528;ImWithHernandez
1529;VirWINia
1530;
1531;
1532;
1533;
1534;
1535;sendDonaldtospace
1536;TrumpPence16
1537;MAGA
1538;
1539;
1540;
1541;DemConvention
1542;RestoreTheVRA
1543;
1544;
1545;CrookedHillary
1546;TrumpPence16
1547;
1548;
1549;
1550;ugpride2016
1551;RestoreTheVRA
1552;
1553;
1554;
1555;
1556;TeamUSA
1557;OpeningCeremony
1558;TrumpPence16
1559;Rio2016
1560;TrumpPence16
1561;MAGA
1562;MAGA
1563;TrumpTrain
1564;
1565;
1566;
1567;
1568;
1569;
1570;
1571;NABJNAHJ16
1572;
1573;
1574;
1575;
1576;
1577;
1578;
1579;
1580;
1581;
1582;
1583;
1584;
1585;
1586;
1587;
1588;
1589;
1590;
1591;
1592;
1593;MakeAmericaGreatAgain
1594;
1595;
1596;
1597;
1598;
1599;
1600;
1601;
1602;
1603;CoastGuardDay
1604;
1605;
1606;
1607;
1608;MAGA
1609;
1610;
1611;
1612;MakeAmericaGreatAgain
1613;
1614;MAGA
1615;LESM
1616;MakeAmericaGreatAgain
1617;ImWithYou
1618;MAGA
1619;
1620;
1621;
1622;
1623;
1624;
1625;
1626;
1627;
1628;
1629;
1630;
1631;
1632;
1633;
1634;
1635;
1636;
1637;
1638;
1639;
1640;
1641;
1642;
1643;
1644;
1645;ICYMI
1646;
1647;MakeAmericaGreatAgain
1648;
1649;
1650;
1651;ImWithYou
1652;
1653;DemConvention
1654;
1655;DemConvention
1656;ImWithHer
1657;
1658;CrookedHillary
1659;
1660;MAGA
1661;TrumpMovement
1662;MAGA
1663;
1664;
1665;
1666;
1667;
1668;
1669;
1670;
1671;ImWithYou
1672;MAGA
1673;ImWithYou
1674;MakeAmericaGreatAgain
1675;MAGA
1676;ImWithYou
1677;
1678;
1679;
1680;
1681;
1682;
1683;
1684;
1685;
1686;
1687;
1688;
1689;
1690;
1691;
1692;
1693;
1694;
1695;
1696;
1697;
1698;
1699;
1700;VoterFraud
1701;MSM
1702;
1703;
1704;
1705;
1706;
1707;
1708;
1709;
1710;
1711;
1712;
1713;
1714;F1
1715;
1716;
1717;
1718;
1719;
1720;
1721;CrookedHillary
1722;
1723;
1724;
1725;
1726;
1727;
1728;
1729;
1730;
1731;
1732;
1733;
1734;
1735;
1736;
1737;
1738;ImWithHer
1739;
1740;
1741;KhizrKhan
1742;
1743;MAGA
1744;
1745;
1746;
1747;
1748;
1749;Trump2016
1750;MakeAmericaGreatAgain
1751;
1752;
1753;CrookedHillary
1754;MakeAmericaGreatAgain
1755;LESM
1756;
1757;
1758;
1759;
1760;
1761;
1762;
1763;
1764;
1765;
1766;
1767;
1768;
1769;
1770;
1771;TrumpPence16
1772;
1773;
1774;
1775;
1776;
1777;NeverHillary
1778;
1779;NeverHillary
1780;
1781;
1782;
1783;
1784;
1785;
1786;
1787;
1788;
1789;
1790;
1791;
1792;
1793;
1794;
1795;
1796;
1797;
1798;
1799;
1800;
1801;
1802;
1803;
1804;
1805;
1806;
1807;
1808;
1809;
1810;
1811;
1812;
1813;
1814;
1815;
1816;
1817;
1818;
1819;
1820;
1821;
1822;
1823;
1824;
1825;
1826;
1827;
1828;
1829;
1830;
1831;
1832;
1833;
1834;
1835;
1836;
1837;
1838;
1839;
1840;
1841;
1842;
1843;
1844;StrongerTogether
1845;
1846;
1847;
1848;
1849;
1850;
1851;
1852;
1853;
1854;
1855;
1856;
1857;
1858;
1859;
1860;
1861;
1862;
1863;
1864;
1865;
1866;
1867;
1868;
1869;
1870;
1871;
1872;
1873;
1874;
1875;
1876;DemConvention
1877;
1878;
1879;
1880;
1881;
1882;
1883;DemsInPhilly
1884;
1885;DemsInPhilly
1886;DemConvention
1887;DemsInPhilly
1888;
1889;
1890;TBT
1891;MAGA
1892;
1893;
1894;
1895;
1896;
1897;DemsInPhilly
1898;MAGA
1899;
1900;
1901;
1902;DNC
1903;
1904;
1905;
1906;NATO
1907;DemsInPhilly
1908;
1909;
1910;
1911;
1912;
1913;
1914;
1915;
1916;
1917;
1918;
1919;
1920;
1921;
1922;
1923;
1924;
1925;
1926;
1927;
1928;
1929;
1930;
1931;
1932;
1933;
1934;
1935;
1936;
1937;
1938;
1939;
1940;
1941;
1942;
1943;
1944;
1945;
1946;
1947;
1948;
1949;
1950;
1951;
1952;
1953;
1954;
1955;
1956;
1957;
1958;
1959;
1960;
1961;
1962;
1963;
1964;
1965;
1966;
1967;
1968;
1969;
1970;
1971;
1972;
1973;
1974;
1975;
1976;
1977;
1978;
1979;
1980;
1981;
1982;
1983;
1984;
1985;
1986;
1987;
1988;DemsInPhilly
1989;
1990;
1991;
1992;
1993;
1994;
1995;
1996;
1997;
1998;
1999;StopGunViolence
2000;MakeAmericaGreatAgain
2001;
2002;enough
2003;ImWithHer
2004;
2005;DemsInPhilly
2006;Pulse
2007;LGBT
2008;DemsInPhilly
2009;DemsInPhilly
2010;DemsInPhilly
2011;
2012;DemsInPhilly
2013;
2014;DemsInPhilly
2015;DNCinPHL
2016;DemsInPhilly
2017;
2018;
2019;
2020;MakeAmericaGreatAgain
2021;DemsInPhilly
2022;DemConvention
2023;
2024;
2025;
2026;MAGA
2027;
2028;
2029;
2030;
2031;
2032;
2033;MakeAmericaGreatAgain
2034;
2035;
2036;
2037;
2038;DemsInPHL
2039;
2040;
2041;
2042;
2043;
2044;
2045;
2046;
2047;
2048;StrongerTogether
2049;DemsInPhilly
2050;
2051;
2052;
2053;
2054;
2055;
2056;
2057;
2058;
2059;
2060;
2061;
2062;
2063;
2064;
2065;
2066;
2067;
2068;
2069;
2070;
2071;
2072;
2073;DemConvention
2074;
2075;
2076;
2077;
2078;DemsInPhilly
2079;
2080;
2081;
2082;
2083;DemsInPhilly
2084;
2085;
2086;
2087;
2088;
2089;
2090;
2091;WeMadeHistory
2092;
2093;
2094;
2095;
2096;RollCallVote
2097;RollCallVote
2098;WeMadeHistory
2099;ImWithHer
2100;DemsInPhilly
2101;
2102;
2103;DemsInPhilly
2104;DemsInPhilly
2105;DemsInPhilly
2106;WeMadeHistory
2107;
2108;
2109;
2110;
2111;DemConvention
2112;DemsinPHL
2113;MakeAmericaGreatAgain
2114;TrumpPence16
2115;TrumpPence16
2116;DemsInPHL
2117;DemsInPHL
2118;MAGA
2119;MAGA
2120;
2121;
2122;
2123;DemsInPhilly
2124;DemsInPhilly
2125;
2126;
2127;
2128;
2129;DemsInPhilly
2130;
2131;DemsInPhilly
2132;
2133;
2134;DemsInPhilly
2135;DemsInPhilly
2136;DemsInPhilly
2137;
2138;
2139;DemsInPhilly
2140;DemsInPhilly
2141;DemsInPhilly
2142;
2143;
2144;DemsInPhilly
2145;
2146;
2147;DemsInPhilly
2148;DemConvention
2149;DemsInPhilly
2150;
2151;DemsInPhilly
2152;DemsInPhilly
2153;
2154;DemsInPhilly
2155;
2156;
2157;DemsInPhilly
2158;
2159;
2160;DemConvention
2161;DemsInPhilly
2162;DemsInPhilly
2163;DemsInPhilly
2164;DemsInPhilly
2165;
2166;
2167;
2168;DemsInPhilly
2169;
2170;DemConvention
2171;DemsInPhilly
2172;DemsInPhilly
2173;DemsInPhilly
2174;DemsInPhilly
2175;
2176;
2177;
2178;
2179;DemsInPhilly
2180;DemsInPhilly
2181;DemsInPhilly
2182;
2183;
2184;DemsInPhilly
2185;DemsInPhilly
2186;DemsInPhilly
2187;LoveTrumpsHate
2188;
2189;DemConvention
2190;
2191;
2192;TrumpPence16
2193;TrumpPence16
2194;LGBT
2195;DemConvention
2196;DemConvention
2197;
2198;TrumpPence16
2199;
2200;
2201;
2202;
2203;
2204;
2205;
2206;
2207;
2208;
2209;
2210;
2211;
2212;
2213;MAGA
2214;
2215;
2216;
2217;
2218;
2219;MakeAmericaGreatAgain
2220;
2221;
2222;
2223;
2224;
2225;
2226;
2227;
2228;
2229;
2230;
2231;
2232;
2233;
2234;
2235;
2236;
2237;
2238;
2239;
2240;
2241;
2242;
2243;
2244;
2245;
2246;
2247;
2248;
2249;
2250;
2251;
2252;
2253;RNCinCLE
2254;
2255;HillaryKaine2016
2256;
2257;
2258;
2259;
2260;ClintonKaine
2261;
2262;
2263;
2264;
2265;
2266;
2267;
2268;
2269;
2270;
2271;
2272;
2273;
2274;
2275;
2276;
2277;
2278;
2279;
2280;
2281;
2282;
2283;
2284;
2285;
2286;
2287;
2288;
2289;
2290;ImWithHer
2291;
2292;StrongerTogether
2293;
2294;
2295;
2296;
2297;
2298;
2299;
2300;
2301;
2302;
2303;MakeAmericaSafeAgain
2304;
2305;
2306;
2307;
2308;
2309;ClintonKaine
2310;ImWithHer
2311;
2312;
2313;
2314;
2315;
2316;VirWINia
2317;
2318;
2319;
2320;
2321;
2322;
2323;
2324;
2325;
2326;
2327;
2328;
2329;
2330;
2331;
2332;
2333;
2334;
2335;
2336;
2337;
2338;
2339;
2340;
2341;RNCinCLE
2342;
2343;
2344;
2345;
2346;
2347;
2348;
2349;
2350;RNCinCLE
2351;
2352;TrumpPence16
2353;
2354;
2355;
2356;
2357;
2358;
2359;RNCInCLE
2360;
2361;RNCwithBernie
2362;
2363;RNCinCLE
2364;RNCinCLE
2365;RNCinCLE
2366;
2367;RNCinCLE
2368;
2369;
2370;RNCInCLE
2371;RNCInCLE
2372;
2373;
2374;RNCInCLE
2375;RNCinCLE
2376;TrumpIsWithYou
2377;RNCinCLE
2378;RNCinCLE
2379;MakeAmericaGreatAgain
2380;
2381;
2382;NATO
2383;TrumpYourself
2384;StandTogether
2385;RNCinCLE
2386;
2387;
2388;
2389;RNCinCLE
2390;
2391;RNCinCLE
2392;TrumpYourself
2393;TrumpYourself
2394;TrumpPence16
2395;RNCinCLE
2396;TrumpYourself
2397;
2398;
2399;
2400;
2401;RNCinCLE
2402;AmericaFirst
2403;RNCinCLE
2404;
2405;
2406;GOPinCLE
2407;GOPConvention
2408;AmericaFirst
2409;RNCinCLE
2410;
2411;RNCinCLE
2412;RNCinCLE
2413;RNCinCLE
2414;
2415;
2416;RNCinCLE
2417;AmericaFirst
2418;RNCinCLE
2419;RNCinCLE
2420;RNCinCLE
2421;RNCINCLE
2422;AmericaFirst
2423;RNCinCLE
2424;RNCinCLE
2425;RNCinCLE
2426;RNCinCLE
2427;AmericaFirst
2428;
2429;RNCinCLE
2430;GOPConvention
2431;AmericaFirst
2432;RNCinCLE
2433;
2434;
2435;
2436;
2437;CitizensUnited
2438;RNCinCLE
2439;
2440;
2441;
2442;
2443;
2444;
2445;
2446;
2447;
2448;
2449;
2450;RNCinCLE
2451;
2452;RNCinCLE
2453;RNCinCLE
2454;RNCinCLE
2455;
2456;RNCinCLE
2457;RNCinCLE
2458;RNCinCLE
2459;
2460;RNCinCLE
2461;RNCinCLE
2462;
2463;RNCinCLE
2464;RNCinCLE
2465;RNCinCLE
2466;
2467;
2468;
2469;
2470;
2471;
2472;
2473;RNCinCLE
2474;
2475;
2476;
2477;
2478;
2479;
2480;
2481;
2482;
2483;
2484;
2485;
2486;GOPConvention
2487;RNCinCLE
2488;RNCinCLE
2489;
2490;
2491;RNCinCLE
2492;RNCinCLE
2493;
2494;
2495;RNCinCLE
2496;RNCinCLE
2497;
2498;
2499;RNCinCLE
2500;GOPConvention
2501;RNCinCLE
2502;RNCinCLE
2503;
2504;RNCinCLE
2505;
2506;
2507;
2508;
2509;
2510;
2511;StrongerTogether
2512;
2513;
2514;
2515;MakeAmericaSafeAgain
2516;
2517;
2518;
2519;
2520;
2521;
2522;
2523;
2524;
2525;
2526;
2527;
2528;
2529;AIDSFreeGeneration
2530;
2531;
2532;RNCinCLE
2533;
2534;
2535;
2536;
2537;
2538;
2539;60Minutes
2540;
2541;
2542;
2543;
2544;
2545;
2546;
2547;
2548;
2549;
2550;
2551;
2552;
2553;
2554;
2555;
2556;
2557;
2558;
2559;
2560;campaignfinance
2561;CitizensUnited
2562;TrumpPence16
2563;
2564;
2565;
2566;ImWithHer
2567;
2568;
2569;
2570;
2571;
2572;
2573;
2574;
2575;
2576;Turkey
2577;MikePence
2578;
2579;
2580;
2581;
2582;
2583;
2584;
2585;
2586;
2587;
2588;
2589;
2590;
2591;NeverTrump
2592;
2593;
2594;
2595;
2596;
2597;
2598;
2599;
2600;JuntosSePuede
2601;
2602;IranDeal
2603;
2604;
2605;
2606;
2607;
2608;
2609;
2610;
2611;
2612;
2613;
2614;
2615;
2616;
2617;
2618;ImWithYou
2619;Trump2016
2620;ImWithYou
2621;
2622;
2623;
2624;
2625;fixdemocracyfirst)
2626;
2627;
2628;
2629;
2630;
2631;
2632;CrookedHillary
2633;
2634;
2635;
2636;
2637;
2638;
2639;CrookedHillary
2640;
2641;
2642;
2643;
2644;
2645;
2646;
2647;
2648;
2649;
2650;
2651;
2652;
2653;
2654;
2655;
2656;
2657;
2658;
2659;
2660;ImWithHer
2661;FeelTheBern
2662;
2663;
2664;CrookedHillary
2665;ImWithYou
2666;ImWithYou
2667;Trump2016
2668;
2669;
2670;NAACP107
2671;
2672;Trump2016
2673;ImWithYou
2674;WORK
2675;CrookedHillary
2676;
2677;
2678;
2679;
2680;
2681;CrookedHillary
2682;
2683;
2684;
2685;
2686;
2687;
2688;
2689;
2690;
2691;
2692;
2693;
2694;
2695;
2696;
2697;
2698;
2699;
2700;
2701;
2702;
2703;
2704;
2705;
2706;
2707;
2708;
2709;
2710;
2711;Orlando
2712;StoptheHate
2713;
2714;
2715;ImWithYou
2716;
2717;
2718;
2719;
2720;
2721;
2722;
2723;
2724;
2725;
2726;
2727;
2728;NeverForget
2729;Srebrenica
2730;
2731;
2732;
2733;Trump2016
2734;
2735;
2736;
2737;
2738;
2739;
2740;
2741;
2742;
2743;
2744;
2745;
2746;Trump2016
2747;
2748;Wimbledon
2749;
2750;
2751;
2752;
2753;
2754;
2755;
2756;
2757;
2758;
2759;
2760;
2761;
2762;
2763;
2764;
2765;
2766;
2767;
2768;
2769;
2770;
2771;
2772;
2773;
2774;TBT
2775;
2776;
2777;
2778;
2779;AmericaFirst
2780;Trump2016
2781;Trump2016
2782;
2783;
2784;PhilandoCastile
2785;
2786;Trump2016
2787;AmericaFirst
2788;
2789;Frozen
2790;
2791;
2792;
2793;
2794;
2795;
2796;
2797;
2798;
2799;
2800;
2801;
2802;
2803;
2804;
2805;
2806;
2807;
2808;
2809;
2810;
2811;
2812;
2813;
2814;
2815;
2816;
2817;
2818;
2819;
2820;
2821;
2822;
2823;
2824;
2825;
2826;
2827;
2828;
2829;
2830;
2831;
2832;
2833;
2834;
2835;
2836;
2837;
2838;
2839;
2840;
2841;
2842;
2843;
2844;
2845;
2846;
2847;
2848;
2849;
2850;
2851;
2852;
2853;
2854;
2855;
2856;
2857;
2858;
2859;
2860;
2861;
2862;FirstInPOTUS
2863;
2864;
2865;
2866;RiggedSystem
2867;
2868;
2869;
2870;
2871;
2872;
2873;
2874;
2875;
2876;
2877;
2878;
2879;
2880;
2881;
2882;Trump2016
2883;AmericaFirst
2884;
2885;
2886;
2887;
2888;
2889;
2890;
2891;
2892;
2893;
2894;
2895;
2896;
2897;
2898;
2899;
2900;
2901;
2902;
2903;
2904;
2905;
2906;ImWithYou
2907;AmericaFirst
2908;LeadRight2016
2909;AmericaFirst
2910;AmericaFirst
2911;ImWithYou
2912;AmericaFirst
2913;
2914;
2915;ImWithYou
2916;AmericaFirst
2917;
2918;ImWithYou
2919;WCS16
2920;ImWithYou
2921;AmericaFirst
2922;AmericaFirst
2923;
2924;
2925;
2926;makersandtakers
2927;
2928;
2929;
2930;
2931;
2932;TBT
2933;
2934;
2935;
2936;
2937;
2938;
2939;
2940;StoptheHate
2941;
2942;
2943;
2944;
2945;
2946;
2947;WakeUpAmerica
2948;
2949;
2950;
2951;
2952;
2953;
2954;
2955;
2956;
2957;
2958;
2959;
2960;
2961;
2962;
2963;
2964;
2965;
2966;
2967;
2968;
2969;
2970;
2971;
2972;Trump2016
2973;
2974;
2975;
2976;
2977;
2978;CreatorsAskHRC
2979;
2980;
2981;CreatorsAskHRC
2982;
2983;
2984;
2985;
2986;
2987;
2988;
2989;CrookedHillary
2990;Trump2016
2991;POTUS
2992;UPUPUP
2993;
2994;Trump
2995;
2996;
2997;
2998;
2999;
3000;
3001;
3002;
3003;
3004;
3005;
3006;
3007;SCOTUS
3008;
3009;
3010;
3011;
3012;TurnUpToVote
3013;
3014;
3015;
3016;
3017;
3018;
3019;
3020;
3021;
3022;
3023;
3024;
3025;
3026;
3027;
3028;
3029;
3030;
3031;OHHillYes
3032;
3033;
3034;
3035;
3036;
3037;
3038;
3039;
3040;Trump2016
3041;dtmag
3042;MAGA
3043;
3044;CrookedHillary
3045;
3046;
3047;
3048;
3049;
3050;
3051;
3052;
3053;
3054;
3055;USMC2016
3056;ImWithHer
3057;NYCPride
3058;
3059;
3060;
3061;
3062;
3063;
3064;
3065;
3066;
3067;DemPlatform
3068;DemPlatform
3069;DemPlatform
3070;DemPlatform
3071;
3072;
3073;
3074;
3075;
3076;
3077;AmericaFirst
3078;
3079;
3080;
3081;
3082;
3083;
3084;
3085;
3086;
3087;WestVirginia
3088;
3089;
3090;ImWithYou
3091;
3092;
3093;
3094;
3095;
3096;
3097;
3098;
3099;
3100;BrexitVote
3101;Brexit
3102;BrexitVote
3103;
3104;BrexitVote
3105;BrexitVote
3106;
3107;
3108;
3109;
3110;
3111;
3112;
3113;
3114;
3115;
3116;
3117;
3118;
3119;
3120;DemocraticSitIn
3121;imwithyou
3122;
3123;
3124;TitleIX
3125;Trump
3126;Clinton
3127;
3128;
3129;Imwithyou
3130;
3131;
3132;CrookedHillary
3133;
3134;SCOTUS
3135;NoBillNoBreak
3136;
3137;
3138;
3139;NoBillNoBreak
3140;gunviolence
3141;NoBillNoBreak
3142;DisarmHate
3143;sitin
3144;NotOneMore
3145;NoBillNoBreak
3146;NoBillNoBreak
3147;NoBillNoBreak
3148;goodtrouble
3149;NoBillNoBreak
3150;holdthefloor
3151;Olmstead
3152;NoMoreSilence
3153;EndGunViolence
3154;sitin
3155;AsLongAsItTakes
3156;GIBill
3157;MoreInCommon
3158;veterans
3159;NoBillNoBreak
3160;NoMoreSilence
3161;
3162;
3163;
3164;
3165;
3166;Imwithyou
3167;
3168;
3169;
3170;
3171;
3172;
3173;
3174;
3175;
3176;
3177;
3178;
3179;
3180;
3181;
3182;
3183;
3184;
3185;
3186;
3187;
3188;
3189;
3190;
3191;
3192;
3193;
3194;
3195;
3196;
3197;
3198;
3199;
3200;
3201;
3202;
3203;
3204;
3205;
3206;
3207;
3208;
3209;
3210;
3211;
3212;
3213;
3214;
3215;
3216;
3217;
3218;
3219;
3220;
3221;
3222;
3223;DisarmHate
3224;
3225;DisarmHate
3226;WorldRefugeeDay
3227;
3228;
3229;
3230;
3231;
3232;
3233;
3234;
3235;
3236;
3237;
3238;
3239;
3240;
3241;
3242;
3243;
3244;
3245;
3246;
3247;MakeAmericaGreatAgain
3248;
3249;
3250;Trump2016
3251;Trump2016
3252;Trump2016
3253;LaudatoSi
3254;AmericaFirst
3255;AmericaFirst
3256;AmericaFirst
3257;Trump2016
3258;Trump2016
3259;
3260;
3261;Trump2016
3262;AmericaFirst
3263;
3264;
3265;AmericaFirst
3266;Trump2016
3267;AmericaFirst
3268;
3269;
3270;
3271;Trump2016
3272;Charleston9
3273;AmericaFirst
3274;
3275;
3276;AmericaFirst
3277;
3278;TrumpDallas
3279;
3280;
3281;
3282;
3283;
3284;Trump
3285;
3286;
3287;
3288;
3289;
3290;
3291;
3292;
3293;
3294;
3295;
3296;
3297;
3298;
3299;
3300;Trump2016
3301;ShesWithUs
3302;
3303;
3304;
3305;
3306;
3307;
3308;OrlandoUnited
3309;Enough
3310;Filibuster
3311;
3312;
3313;AmericaFirst
3314;AmericaFirst
3315;Trump2016
3316;
3317;
3318;
3319;
3320;
3321;
3322;
3323;
3324;AmericaFirst
3325;
3326;
3327;OrlandoUnited
3328;
3329;
3330;
3331;ArmyBDay
3332;
3333;
3334;
3335;
3336;
3337;
3338;NetNeutrality
3339;
3340;
3341;
3342;
3343;
3344;
3345;
3346;
3347;
3348;
3349;
3350;
3351;
3352;
3353;
3354;
3355;
3356;
3357;
3358;
3359;
3360;
3361;
3362;Trump2016
3363;
3364;
3365;
3366;
3367;
3368;
3369;
3370;
3371;
3372;
3373;
3374;StanleyCup
3375;
3376;
3377;
3378;
3379;
3380;
3381;
3382;
3383;
3384;
3385;
3386;
3387;
3388;
3389;
3390;
3391;
3392;
3393;
3394;
3395;
3396;
3397;
3398;
3399;
3400;
3401;
3402;
3403;
3404;
3405;
3406;
3407;
3408;
3409;
3410;
3411;
3412;
3413;Trump2016
3414;AmericaFirst
3415;AmericaFirst
3416;AmericaFirst
3417;AmericaFirst
3418;TrumpTrain
3419;
3420;
3421;
3422;MakeAmericaGreatAgain
3423;
3424;
3425;Trump2016
3426;
3427;
3428;
3429;
3430;
3431;
3432;RTM2016
3433;Trump2016
3434;Trump2016
3435;
3436;
3437;
3438;
3439;
3440;
3441;
3442;
3443;
3444;
3445;
3446;Trump2016
3447;
3448;
3449;
3450;
3451;
3452;
3453;
3454;
3455;MakeAmericaGreatAgain
3456;
3457;
3458;
3459;
3460;
3461;
3462;Trump2016
3463;
3464;
3465;
3466;
3467;
3468;
3469;
3470;
3471;
3472;
3473;
3474;
3475;WIBackHer
3476;
3477;
3478;
3479;
3480;
3481;
3482;
3483;
3484;
3485;
3486;
3487;
3488;
3489;
3490;
3491;
3492;
3493;
3494;
3495;
3496;
3497;
3498;ImWithHer
3499;AmericaFirst
3500;Trump2016
3501;HistoryMade
3502;
3503;
3504;
3505;ImWithHer
3506;
3507;
3508;
3509;
3510;
3511;
3512;
3513;
3514;
3515;
3516;
3517;
3518;
3519;
3520;Trump2016
3521;ImWithHer
3522;
3523;Trump2016
3524;Trump2016
3525;Trump2016
3526;
3527;Trump2016
3528;
3529;
3530;ImWithHer
3531;
3532;
3533;
3534;
3535;
3536;
3537;
3538;
3539;
3540;
3541;
3542;
3543;
3544;
3545;
3546;
3547;
3548;
3549;
3550;
3551;
3552;
3553;MakeAmericaGreatAgain
3554;
3555;
3556;
3557;CAPrimary
3558;
3559;
3560;
3561;
3562;
3563;
3564;
3565;
3566;
3567;
3568;
3569;
3570;
3571;
3572;
3573;Dday
3574;
3575;
3576;
3577;DDay
3578;
3579;
3580;
3581;
3582;F1
3583;
3584;
3585;
3586;
3587;
3588;
3589;
3590;
3591;
3592;
3593;
3594;Decision2016
3595;
3596;POTUS
3597;MakeAmericaGreatAgain
3598;Elkhart
3599;
3600;
3601;
3602;
3603;
3604;
3605;
3606;
3607;
3608;
3609;
3610;
3611;
3612;
3613;VoteTrump2016
3614;TrumpTrain
3615;
3616;
3617;
3618;
3619;
3620;MakeAmericaGreatAgain
3621;CAPrimary
3622;
3623;
3624;
3625;
3626;
3627;
3628;
3629;
3630;ImWithHer
3631;
3632;
3633;
3634;
3635;
3636;
3637;
3638;
3639;
3640;
3641;Women4Ttump
3642;Trump2016
3643;
3644;
3645;
3646;
3647;
3648;Trump2016
3649;
3650;
3651;
3652;
3653;
3654;
3655;
3656;
3657;MAGA
3658;Trump2016
3659;
3660;gunviolence
3661;
3662;
3663;
3664;
3665;
3666;
3667;
3668;
3669;
3670;
3671;
3672;
3673;SaveElephants
3674;
3675;
3676;
3677;
3678;
3679;
3680;MakeAmericaGreatAgain
3681;Trump2016
3682;
3683;
3684;
3685;
3686;Teachers4Trump
3687;CA4Trump
3688;MakeAmericaGreatAgain
3689;NeverDems
3690;
3691;Caribbean
3692;
3693;
3694;
3695;
3696;
3697;
3698;MakeAmericaGreatAgain
3699;Trump2016
3700;
3701;
3702;
3703;
3704;
3705;
3706;
3707;
3708;
3709;
3710;
3711;
3712;
3713;
3714;
3715;
3716;
3717;
3718;
3719;
3720;
3721;
3722;
3723;
3724;Trump2016
3725;
3726;
3727;
3728;
3729;
3730;
3731;
3732;
3733;
3734;UnderstandSlavery
3735;
3736;
3737;
3738;
3739;
3740;
3741;
3742;
3743;
3744;
3745;MemorialDay
3746;
3747;
3748;
3749;TRUMP
3750;
3751;Trump2016
3752;
3753;
3754;
3755;
3756;
3757;
3758;
3759;
3760;
3761;
3762;
3763;
3764;MDW
3765;
3766;
3767;
3768;
3769;
3770;
3771;
3772;Trump2016
3773;
3774;
3775;
3776;
3777;Trump2016
3778;
3779;
3780;
3781;Trump2016
3782;
3783;
3784;MakeAmericaGreatAgain
3785;Trump2016
3786;
3787;TBT
3788;
3789;
3790;
3791;Trump2016
3792;MeetTheTrumps
3793;
3794;Trump2016
3795;Trump2016
3796;
3797;
3798;SallyRideDay
3799;
3800;
3801;
3802;
3803;
3804;
3805;
3806;
3807;
3808;UAW
3809;
3810;Trump2016
3811;ActOnClimate
3812;
3813;
3814;
3815;
3816;
3817;
3818;
3819;
3820;
3821;
3822;
3823;
3824;
3825;
3826;
3827;
3828;
3829;
3830;
3831;
3832;TrumpTrain
3833;MakeAmericaGreatAgain
3834;
3835;
3836;Trump2016
3837;MakeAmericaGreatAgain
3838;Trump2016
3839;
3840;
3841;
3842;
3843;
3844;
3845;
3846;
3847;
3848;
3849;
3850;
3851;
3852;
3853;
3854;
3855;
3856;
3857;
3858;
3859;
3860;
3861;
3862;
3863;
3864;
3865;
3866;
3867;
3868;
3869;
3870;
3871;
3872;
3873;
3874;
3875;
3876;
3877;
3878;
3879;
3880;
3881;
3882;
3883;Trump2016
3884;
3885;
3886;
3887;
3888;Trump2016
3889;MAGA
3890;
3891;
3892;
3893;
3894;
3895;
3896;
3897;
3898;
3899;StopGunViolence
3900;ArmedForcesDay
3901;
3902;
3903;
3904;
3905;
3906;TrumpTrain
3907;
3908;
3909;
3910;
3911;
3912;
3913;
3914;
3915;
3916;
3917;ImWithHer
3918;Trump2016
3919;
3920;MakeAmericaGreatAgain
3921;Trump2016
3922;
3923;Trump2016
3924;MichaelBrown
3925;MothersoftheMovement
3926;ChangeAgents
3927;2A
3928;
3929;
3930;SecondAmendment
3931;2A
3932;
3933;
3934;
3935;
3936;
3937;
3938;
3939;
3940;
3941;
3942;
3943;
3944;
3945;TBT
3946;
3947;SayHerName
3948;
3949;
3950;
3951;
3952;
3953;
3954;
3955;
3956;
3957;
3958;
3959;
3960;
3961;
3962;
3963;
3964;
3965;
3966;
3967;
3968;
3969;
3970;
3971;
3972;
3973;
3974;
3975;
3976;Trump2016
3977;MakeAmericaGreatAgain
3978;
3979;
3980;
3981;
3982;
3983;
3984;
3985;
3986;AmericaFIRST
3987;
3988;Trump2016
3989;MakeAmericaGreatAgain
3990;MakeAmericaGreatAgain
3991;
3992;
3993;
3994;
3995;
3996;
3997;
3998;
3999;
4000;
4001;
4002;
4003;
4004;
4005;
4006;MegynKellyPresents
4007;
4008;
4009;
4010;
4011;MakeAmericaGreatAgain
4012;
4013;
4014;
4015;
4016;
4017;
4018;
4019;
4020;Trump
4021;
4022;
4023;
4024;
4025;
4026;
4027;
4028;
4029;
4030;
4031;
4032;
4033;
4034;
4035;
4036;
4037;
4038;
4039;
4040;
4041;VoteTrump
4042;ORPrimary
4043;
4044;
4045;
4046;
4047;
4048;
4049;
4050;
4051;
4052;
4053;
4054;MadeInAmerica
4055;
4056;
4057;
4058;
4059;
4060;SCOTUS
4061;
4062;
4063;
4064;
4065;
4066;
4067;
4068;
4069;
4070;
4071;
4072;
4073;
4074;MakeAmericaGreatAgain
4075;Trump2016
4076;
4077;Trump2016
4078;
4079;
4080;
4081;
4082;
4083;
4084;Trump2016
4085;
4086;
4087;
4088;
4089;
4090;
4091;
4092;
4093;
4094;
4095;
4096;
4097;
4098;
4099;
4100;
4101;
4102;
4103;
4104;
4105;
4106;
4107;
4108;
4109;
4110;TBT
4111;InternationalNursesDay
4112;
4113;
4114;
4115;Trump2016
4116;
4117;Trump2016
4118;
4119;
4120;
4121;TBT
4122;
4123;
4124;
4125;
4126;
4127;
4128;
4129;
4130;
4131;
4132;
4133;WashingtonDC
4134;Statehood
4135;
4136;
4137;
4138;
4139;
4140;
4141;
4142;
4143;
4144;
4145;
4146;
4147;
4148;
4149;
4150;
4151;
4152;MakeAmericaGreatAgain
4153;
4154;MakeAmericaGreatAgain
4155;Trump2016
4156;Trump2016
4157;Trump2016
4158;
4159;MakeAmericaGreatAgain
4160;
4161;MakeAmericaGreatAgain
4162;
4163;Trump2016
4164;Trump2016
4165;Trump2016
4166;
4167;
4168;
4169;
4170;
4171;VoteTrump
4172;VoteTrump
4173;MakeAmericaGreatAgain
4174;MakeAmericaGreatAgain
4175;
4176;
4177;
4178;
4179;RepMikeKelly
4180;
4181;
4182;
4183;NebraskaPrimary
4184;Trump2016
4185;TrumpForPresident
4186;
4187;
4188;
4189;
4190;
4191;
4192;
4193;
4194;
4195;
4196;
4197;
4198;
4199;
4200;
4201;
4202;
4203;
4204;
4205;
4206;
4207;MattSchlapp
4208;jenniferrubin
4209;GOP
4210;
4211;
4212;
4213;MothersDay
4214;
4215;
4216;
4217;
4218;
4219;
4220;
4221;MadeForHistory
4222;
4223;
4224;
4225;KentuckyDerby
4226;
4227;
4228;
4229;
4230;
4231;
4232;
4233;
4234;
4235;
4236;
4237;
4238;
4239;
4240;
4241;
4242;
4243;
4244;
4245;
4246;
4247;
4248;
4249;
4250;
4251;MakeAmericaGreatAgain
4252;TrumpTrain
4253;
4254;
4255;Trump2016
4256;
4257;
4258;
4259;
4260;
4261;
4262;Trump2016
4263;MakeAmericaGreatAgain
4264;
4265;
4266;
4267;
4268;
4269;
4270;CincoDeMayo
4271;
4272;
4273;
4274;SmallBizWeek
4275;
4276;
4277;
4278;
4279;
4280;
4281;
4282;
4283;
4284;
4285;
4286;
4287;
4288;ThanksObama
4289;
4290;
4291;
4292;
4293;
4294;
4295;
4296;
4297;
4298;
4299;
4300;
4301;
4302;
4303;
4304;
4305;
4306;
4307;
4308;TeacherAppreciationDay
4309;Trump2016
4310;MakeAmericaGreatAgain
4311;
4312;
4313;
4314;
4315;
4316;
4317;
4318;
4319;
4320;
4321;
4322;
4323;
4324;
4325;
4326;INPrimary
4327;VoteTrump
4328;INPrimary
4329;Trump2016
4330;VoteTrump
4331;Trump2016
4332;Trump2016
4333;INPrimary
4334;VoteTrump
4335;INPrimary
4336;VoteTrump
4337;VoteTrump
4338;VoteTrump
4339;INPrimary
4340;INPrimary
4341;MakeAmericaGreatAgain
4342;
4343;VoteTrump
4344;INPrimary
4345;INPrimary
4346;MakeAmericaGreatAgain
4347;Trump2016
4348;Trump2016
4349;MakeAmericaGreatAgain
4350;
4351;
4352;
4353;
4354;
4355;
4356;
4357;
4358;
4359;
4360;
4361;
4362;
4363;
4364;
4365;
4366;
4367;INPrimary
4368;Trump2016
4369;MakeAmericaGreatAgain
4370;APAHM
4371;INPrimary
4372;
4373;WHCD
4374;
4375;FNS
4376;
4377;
4378;
4379;MayDay
4380;Trump2016
4381;
4382;WomanCard
4383;
4384;WomanCard
4385;Trump2016
4386;MAGA
4387;LoveTrumpsHate
4388;
4389;
4390;
4391;
4392;WomanCard
4393;HillaryOnCNN
4394;WomanCard
4395;
4396;
4397;
4398;
4399;
4400;Trump2016
4401;
4402;
4403;
4404;
4405;Trump2016
4406;
4407;
4408;WomanCard
4409;WomanCard
4410;INDPrimary
4411;
4412;Trump
4413;
4414;
4415;
4416;MakeAmericaGreatAgain
4417;TBT
4418;TBT
4419;
4420;
4421;
4422;
4423;
4424;
4425;
4426;
4427;
4428;
4429;
4430;
4431;
4432;
4433;
4434;
4435;
4436;
4437;Trump2016
4438;Indiana
4439;MakeAmericaGreatAgain
4440;
4441;
4442;
4443;womancard
4444;
4445;
4446;
4447;
4448;womancard
4449;
4450;
4451;
4452;
4453;
4454;
4455;
4456;
4457;
4458;ImWithHer
4459;
4460;
4461;
4462;
4463;
4464;
4465;
4466;
4467;
4468;
4469;
4470;
4471;
4472;
4473;
4474;
4475;
4476;
4477;
4478;
4479;
4480;
4481;Trump2016
4482;
4483;
4484;
4485;Trump2016
4486;Trump2016
4487;Trump2016
4488;Trump2016
4489;
4490;
4491;
4492;
4493;
4494;Trump2016
4495;
4496;
4497;MakeAmericaGreatAgain
4498;VoteTrump
4499;VoteTrump
4500;VoteTrump
4501;VoteTrump
4502;VoteTrump
4503;
4504;
4505;
4506;
4507;
4508;EstoyConElla
4509;
4510;Trump2016
4511;
4512;
4513;
4514;
4515;MSNBCTownhall
4516;MakeAmericaGreatAgain
4517;MSNBCTownhall
4518;CTPrimary
4519;Trump2016
4520;
4521;EstoyConElla
4522;MakeAmericaGreatAgain
4523;PAPrimary
4524;RIPrimary
4525;
4526;DEPrimary
4527;MDPrimary
4528;PAPrimary
4529;RIPrimary
4530;
4531;
4532;
4533;
4534;
4535;
4536;
4537;
4538;
4539;
4540;
4541;
4542;
4543;
4544;
4545;NYPrimary
4546;GOP
4547;
4548;
4549;
4550;
4551;
4552;
4553;TrumpTrain
4554;MakeAmericaGreatAgain
4555;Trump2016
4556;MakeAmericaGreatAgain
4557;Trump2016
4558;MakeAmericaGreatAgain
4559;Trump2016
4560;MakeAmericaGreatAgain
4561;
4562;
4563;
4564;Trump2016
4565;
4566;Trump2016
4567;MakeAmericaGreatAgain
4568;Trump2016
4569;EarthDay
4570;Trump2016
4571;MakeAmericaGreatAgain
4572;
4573;ActOnClimate
4574;
4575;MakeAmericaGreatAgain
4576;Trump2016
4577;
4578;
4579;
4580;
4581;
4582;
4583;Prince
4584;HillaryClinton
4585;
4586;
4587;
4588;
4589;
4590;StopGunViolence
4591;
4592;TBT
4593;HillaryONGMA
4594;
4595;Trump2016
4596;
4597;
4598;
4599;
4600;Trump2016
4601;MakeAmericaGreatAgain
4602;
4603;
4604;
4605;
4606;Trump360
4607;Trump2016
4608;
4609;
4610;
4611;
4612;
4613;
4614;
4615;
4616;
4617;
4618;
4619;
4620;
4621;
4622;
4623;
4624;
4625;
4626;
4627;
4628;PrimaryDay
4629;MakeAmericaGreatAgain
4630;Trump2016
4631;Trump2016
4632;TrumpTrain
4633;PrimaryDay
4634;MakeAmericaGreatAgain
4635;MakeAmericaGreatAgain
4636;MakeAmericaGreatAgain
4637;Trump2016
4638;MakeAmericaGreatAgain
4639;PrimaryDay
4640;NewYorkValues
4641;POTUS
4642;NYPrimary
4643;VoteTrump
4644;Trump2016
4645;MakeAmericaGreatAgain
4646;ICYMI
4647;PrimaryDay
4648;PrimaryDay
4649;Trump2016
4650;iVoted
4651;VoteTrumpNY
4652;VoteTrumpNY
4653;Trump2016
4654;MakeAmericaGreatAgain
4655;VoteTrump
4656;PrimaryDay
4657;NYPrimary
4658;FightForFamilies
4659;
4660;EastVillage
4661;LSSC
4662;
4663;
4664;
4665;
4666;FightForFamilies
4667;
4668;
4669;
4670;HoustonFlood
4671;
4672;FightForFamilies
4673;
4674;
4675;
4676;
4677;
4678;
4679;
4680;NewYorkValues
4681;
4682;MakeAmericaGreatAgain
4683;
4684;
4685;
4686;
4687;HRC4PA
4688;
4689;
4690;
4691;
4692;
4693;TrumpTrain
4694;Trump2016
4695;NYPrimary
4696;Trump2016
4697;VoteTrumpNY
4698;MakeAmericaGreatAgain
4699;Trump2016
4700;presidenttrump
4701;NYPrimary
4702;NYPrimary
4703;ICYMI
4704;primary
4705;
4706;
4707;
4708;Trump2016
4709;NYPrimary
4710;Trump2016
4711;Trump2016
4712;Trump2016
4713;NYPrimary
4714;MakeAmericaGreatAgain
4715;Trump2016
4716;
4717;TrumpTrain
4718;Trump2016
4719;Trump2016
4720;
4721;NewYorkValues
4722;MakeAmericaGreatAgain
4723;Trump2016
4724;Trump2016
4725;MakeAmericaGreatAgain
4726;Trump2016
4727;Trump2016
4728;Trump2016
4729;Trump2016
4730;MakeAmericaGreatAgain
4731;NewYorkValues
4732;NYPrimary
4733;TrumpTrain
4734;
4735;TrumpTrain
4736;
4737;
4738;
4739;
4740;
4741;
4742;
4743;
4744;MakeAmericaGreatAgain
4745;Trump2016
4746;TrumpTrain
4747;
4748;MakeAmericaGreatAgain
4749;
4750;
4751;
4752;
4753;
4754;NewYorkValues
4755;
4756;
4757;
4758;
4759;MakeAmericaGreatAgain
4760;Trump2016
4761;MAKEAMERICAGREATAGAIN
4762;
4763;trump
4764;HaileyPuckett
4765;
4766;
4767;
4768;
4769;
4770;
4771;WakeUpAmerica
4772;NewDay
4773;MakeAmericaGreatAgain
4774;
4775;
4776;
4777;
4778;MakeAmericaGreatAgain
4779;
4780;
4781;
4782;MAGA
4783;Trump2016
4784;WIPrimary
4785;
4786;Wisconsin
4787;MakeAmericaGreatAgain
4788;TrumpTrain
4789;
4790;DonaldTrump
4791;
4792;WIPrimary
4793;Trump2016
4794;Trump2016
4795;WIPrimary
4796;Wisconsin
4797;
4798;Trump2016
4799;WIPrimary
4800;WIPrimary
4801;VoteTrumpWI
4802;MakeAmericaGreatAgain
4803;WIPrimary
4804;MakeAmericaGreatAgain
4805;MakeAmericaGreatAgain
4806;Trump2016
4807;Trump2016
4808;MakeAmericaGreatAgain
4809;WISCONSIN
4810;Trump2016
4811;Trump2016
4812;Trump2016
4813;VoteTrump
4814;Trump2016
4815;Racine
4816;Trump2016
4817;Trump2016
4818;JohnRyder
4819;WIPrimary
4820;WIPrimary
4821;Trump2016
4822;Trump2016
4823;Trump2016
4824;Trump2016
4825;TrumpTrain
4826;WIPrimary
4827;WIPrimary
4828;EauClaire
4829;Wausau
4830;
4831;
4832;Trump2016
4833;MakeAmericaGreatAgain
4834;VoteTrump
4835;WIPrimary
4836;Trump2016
4837;
4838;
4839;WIPrimary
4840;MakeAmericaGreatAgain
4841;MakeAmericaGreatAgain
4842;Trump2016
4843;Trump2016
4844;Trump2016
4845;Trump2016
4846;
4847;MakeAmericaGreatAgain
4848;
4849;
4850;
4851;
4852;
4853;
4854;
4855;
4856;
4857;
4858;
4859;
4860;
4861;
4862;
4863;
4864;
4865;
4866;
4867;
4868;WIPrimary
4869;MakeAmericaGreatAgain
4870;
4871;
4872;
4873;
4874;
4875;
4876;
4877;
4878;
4879;
4880;
4881;
4882;
4883;
4884;
4885;WOMEN4TRUMP
4886;
4887;Derp
4888;
4889;
4890;
4891;LyingTed
4892;
4893;
4894;
4895;
4896;
4897;
4898;
4899;
4900;
4901;
4902;
4903;
4904;VoteTrump2016
4905;
4906;
4907;
4908;
4909;
4910;
4911;
4912;
4913;LyingTed
4914;NeverCruz
4915;
4916;Trump2016
4917;
4918;
4919;
4920;
4921;
4922;
4923;
4924;
4925;TrumpTrain
4926;Trump2016
4927;MakeAmericaGreatAgain
4928;
4929;Trump2016
4930;WesternTuesday
4931;TrumpTrain
4932;POTUS
4933;UTCaucus
4934;UtahCaucus
4935;ArizonaPrimary
4936;voteTrump
4937;Brussels
4938;MakeAmericaGreatAgain
4939;Arizona
4940;Trump2016
4941;Trump2016
4942;AZPrimary
4943;AIPAC2016
4944;AZPrimary
4945;ArizonaPrimary
4946;UtahCaucus
4947;UTCaucus
4948;AmericanSamoa
4949;Trump2016
4950;Trump2016
4951;Trump2016
4952;MakeAmericaGreatAgain
4953;MakeAmericaGreatAgain
4954;MakeAmericaGreatAgain
4955;voteTrump
4956;voteTrump
4957;MakeAmericaGreatAgain
4958;MakeAmericaGreatAgain
4959;WattersWorld
4960;voteTrump
4961;AZPrimary
4962;MakeAmericaGreatAgain
4963;Utah
4964;Mormon
4965;TrumpCountry
4966;UtahPrimary
4967;Utah
4968;Trump
4969;voteTrump
4970;Trump
4971;Trump2016
4972;AZ
4973;UT
4974;Utah4Trump
4975;MakeAmericaGreatAgain
4976;Trump2016
4977;Trump2016
4978;
4979;MakeAmericaGreatAgain
4980;Trump2016
4981;
4982;
4983;
4984;
4985;
4986;Trump2016
4987;MakeAmericaGreatAgain
4988;MakeAmericaGreatAgain
4989;Trump2016
4990;
4991;
4992;
4993;
4994;
4995;
4996;
4997;
4998;
4999;MakeAmericaGreatAgain
5000;Trump2016
5001;
5002;
5003;
5004;
5005;
5006;
5007;
5008;
5009;
5010;
5011;
5012;
5013;
5014;Trump2016
5015;
5016;
5017;
5018;
5019;
5020;
5021;
5022;
5023;
5024;
5025;
5026;
5027;
5028;
5029;Trump2016
5030;MakeAmericaGreatAgain
5031;MakeAmericaGreatAgain
5032;MakeAmericaGreatAgain
5033;SuperTuesday
5034;Trump2016
5035;SuperTuesday
5036;SuperTuesday
5037;Trump2016
5038;MakeAmericaGreatAgain
5039;MakeAmericaGreatAgain
5040;Trump2016
5041;
5042;
5043;
5044;CNN
5045;
5046;
5047;
5048;
5049;
5050;
5051;
5052;
5053;SuperTuesday
5054;VoteTrump
5055;VoteTrump
5056;SuperTuesday
5057;
5058;
5059;
5060;GO
5061;
5062;
5063;
5064;MakeAmericaGreatAgain
5065;VoteTrump
5066;MakeAmericaGreatAgain
5067;Trump2016
5068;VoteTrump
5069;
5070;VoteTrump
5071;VoteTrump
5072;TrumpTrain
5073;Trump2016
5074;MakeAmericaGreatAgain
5075;
5076;
5077;
5078;
5079;
5080;
5081;
5082;
5083;
5084;
5085;EndCommonCore
5086;
5087;
5088;
5089;
5090;
5091;MakeAmericaGreatAgain
5092;MakeAmericaGreatAgain
5093;Trump2016
5094;Trump2016
5095;Trump2016
5096;
5097;
5098;
5099;VoteTrump
5100;Trump2016
5101;MakeAmericaGreatAgain
5102;Trump2016
5103;Trump2016
5104;
5105;
5106;
5107;
5108;MakeAmericaGreatAgain
5109;GOPDebate
5110;NeverTrump
5111;Trump2016
5112;GOPDebate
5113;Donald
5114;
5115;LightweightSenatorMarcoRubio
5116;MakeAmericaGreatAgain
5117;Trump2016
5118;Trump2016
5119;
5120;TrumpTrain
5121;Trump2016
5122;Trump2016
5123;Trump2016
5124;Trump2016
5125;Trump2016
5126;
5127;TrumpWaikiki
5128;Mediafraud
5129;Mahalo
5130;
5131;
5132;
5133;
5134;
5135;
5136;
5137;
5138;
5139;
5140;
5141;
5142;
5143;
5144;MSPrimary
5145;
5146;
5147;
5148;
5149;
5150;
5151;
5152;
5153;
5154;TRUMPDOG
5155;TrumpTrain
5156;
5157;
5158;F1
5159;
5160;
5161;
5162;
5163;Trump2016
5164;MakeAmericaGreatAgain
5165;SuperSaturday
5166;SuperSaturday
5167;Trump2016
5168;Trump2016
5169;MakeAmericaGreatAgain
5170;
5171;VoteTrump
5172;TrumpTrain
5173;LittleMarco
5174;MakeAmericaGreatAgain
5175;
5176;
5177;KansasCaucus
5178;CaucusForTrump
5179;VoteTrump
5180;MakeAmericaGreatAgain
5181;MakeAmericaGreatAgain
5182;Trump2016
5183;
5184;Trump2016
5185;MakeAmericaGreatAgain
5186;MakeAmericaGreatAgain
5187;VoteTrump
5188;MakeAmericaGreatAgain
5189;VoteTrumpMI
5190;Trump2016
5191;MakeAmericaGreatAgain
5192;MorningJoe
5193;Trump2016
5194;Trump2016
5195;MakeAmericaGreatAgain
5196;GOPDebate
5197;
5198;Trump2016
5199;MakeAmericaGreatAgain
5200;Trump2016
5201;GOPDebate
5202;TrumpTrain
5203;MAGA
5204;
5205;
5206;
5207;
5208;
5209;
5210;
5211;
5212;
5213;
5214;
5215;Trump2016
5216;MakeAmericaGreatAgain
5217;SuperTuesday
5218;
5219;
5220;
5221;
5222;KenLangone
5223;Fox
5224;OnTheRecord
5225;NeilCavuto
5226;SuperTuesday
5227;SuperTuesday
5228;SuperTuesday
5229;SuperTuesday
5230;SuperTuesday
5231;SuperTuesday
5232;SuperTuesday
5233;
5234;Trump2016
5235;Trump2016
5236;Trump2016
5237;Trump2016
5238;Trump2016
5239;Trump2016
5240;SuperTuesday
5241;VoteTrump
5242;VoteTrump
5243;Trump2016
5244;SuperTuesday
5245;MakeAmericaGreatAgain
5246;MakeAmericaGreatAgain
5247;Politician
5248;FAIL
5249;SuperTuesday
5250;VoteTrump
5251;VoteTrump
5252;NASCAR
5253;Trump2016
5254;VoteTrump
5255;VoteTrump
5256;SuperTuesday
5257;Trump2016
5258;MakeAmericaGreatAgain
5259;MakeAmericaGreatAgain
5260;
5261;MakeAmericaGreatAgain
5262;Trump2016
5263;Trump2016
5264;Trump2016
5265;Trump2016
5266;
5267;
5268;RobotRubio
5269;
5270;
5271;
5272;
5273;
5274;
5275;
5276;
5277;
5278;
5279;
5280;
5281;
5282;MakeAmericaGreatAgain
5283;
5284;
5285;AlwaysTrump
5286;Trump2016
5287;TrumpTrain
5288;StopCommonCore
5289;MakeAmericaGreatAgain
5290;
5291;
5292;
5293;
5294;
5295;
5296;
5297;
5298;
5299;VoteTrump
5300;Trump2016
5301;
5302;
5303;MakeAmericaGreatAgain
5304;Greta
5305;Trump2016
5306;
5307;MakeAmericaGreatAgain
5308;Trump2016
5309;MakeAmericaGreatAgain
5310;MakeAmericaGreatAgain
5311;Trump2016
5312;
5313;
5314;
5315;
5316;
5317;
5318;
5319;
5320;
5321;
5322;
5323;
5324;
5325;
5326;LoneStarState
5327;SuperTuesday
5328;Trump2016
5329;MakeAmericaGreatAgain
5330;GOPDebate
5331;Trump2016
5332;MakeAmericaGreatAgain
5333;Trump2016
5334;
5335;Trump2016
5336;MakeYoutubeGreatAgain
5337;Trump2016
5338;
5339;
5340;
5341;
5342;
5343;VoteTrump
5344;MakeAmericaGreatAgain
5345;
5346;
5347;
5348;MakeAmericaGreatAgain
5349;
5350;NoLoyalty
5351;
5352;Trump2016
5353;
5354;
5355;
5356;
5357;
5358;
5359;Trump2016
5360;
5361;
5362;
5363;
5364;
5365;Trump2016
5366;
5367;
5368;
5369;Trump2016
5370;MakeAmericaGreatAgain
5371;
5372;
5373;
5374;NVcaucus
5375;
5376;VoteTrumpNV
5377;NevadaCaucus
5378;
5379;
5380;
5381;TrumpLV
5382;NevadaCaucus
5383;VoteTrumpNV
5384;
5385;
5386;
5387;
5388;
5389;
5390;NevadaCaucus
5391;VoteTrumpNV
5392;Trump2016
5393;TrumpNV
5394;VoteTrumpNV
5395;NevadaCaucus
5396;VoteTrumpVT
5397;VoteTrumpMI
5398;VoteTrumpNC
5399;VoteTrumpMA
5400;
5401;VoteTrumpIL
5402;Trump2016
5403;Hannity
5404;Trump2016
5405;ICYMI
5406;
5407;
5408;
5409;
5410;BikersForTrump
5411;VoteTrumpNV
5412;Trump2016
5413;
5414;
5415;
5416;
5417;
5418;
5419;VoteTrumpNV
5420;
5421;
5422;VoteTrumpNV
5423;Trump2016
5424;Trump2016
5425;
5426;
5427;
5428;
5429;Trump2016
5430;
5431;
5432;
5433;
5434;
5435;
5436;
5437;
5438;
5439;
5440;
5441;SCPrimary
5442;WATCH
5443;MakeAmericaGreatAgain
5444;fairandbalancedmyass
5445;VoteTrump
5446;VoteTrump
5447;Ted
5448;SouthCarolina
5449;VoteTrump
5450;
5451;
5452;
5453;ObamaCare
5454;MakeAmericaGreatAgain
5455;
5456;MakeAmericaGreatAgain
5457;ObamaCare
5458;SCPrimary
5459;MakeAmericaGreatAgain
5460;VoteTrumpSC
5461;VoteTrumpSC
5462;Trump2016
5463;vaticanwalls
5464;SCPrimary
5465;SCPrimary
5466;Trump2016
5467;Trump2016
5468;Trump2016
5469;VoteTrumpSC
5470;
5471;VoteTrumpSC
5472;Trump2016
5473;
5474;
5475;
5476;
5477;SCPrimary
5478;MakeAmericaGreatAgain
5479;MakeAmericaGreatAgain
5480;Trump2016
5481;Trump2016
5482;Trump2016
5483;VoteTrumpSC
5484;
5485;
5486;POTUS
5487;SCPrimary
5488;Trump2016
5489;
5490;
5491;
5492;
5493;LSSC
5494;Colbert
5495;MakeAmericaGreatAgain
5496;Trump2016
5497;TeamTrump
5498;VoteTrumpSC
5499;MakeAmericaGreatAgain
5500;MaitnerStrong
5501;
5502;VoteTrumpSC
5503;VoteTrumpSC
5504;MakeAmericaGreatAgain
5505;Trump2016
5506;VoteTrumpSC
5507;
5508;
5509;
5510;
5511;
5512;
5513;
5514;
5515;
5516;
5517;
5518;
5519;
5520;
5521;GOPDebate
5522;
5523;GOPDebate
5524;
5525;GOPDebate
5526;GOPDebate
5527;
5528;
5529;
5530;trump
5531;Ford
5532;SouthCarolinaPrimary
5533;Trump2016
5534;Carrier
5535;Jobs
5536;Mexico
5537;
5538;
5539;
5540;
5541;
5542;
5543;Trump2016
5544;MakeAmericaGreatAgain
5545;
5546;
5547;MakeAmericaGreatAgain
5548;
5549;
5550;
5551;
5552;Trump2016
5553;
5554;
5555;
5556;MakeAmericaGreatAgain
5557;
5558;
5559;
5560;
5561;
5562;
5563;
5564;
5565;
5566;
5567;MakeAmericaGreatAgain
5568;MakeAmericaGreatAgain
5569;Trump2016
5570;
5571;Trump2016
5572;MakeAmericaGreatAgain
5573;
5574;
5575;
5576;
5577;
5578;
5579;
5580;MakeAmericaGreatAgain
5581;SCPrimary
5582;
5583;
5584;
5585;
5586;
5587;
5588;
5589;
5590;
5591;FITN
5592;NHPrimary
5593;
5594;
5595;VoteTrumpNH
5596;FITN
5597;VoteTrumpNH
5598;VoteTrumpNH
5599;MakeAmericaGreatAgain
5600;FITN
5601;NHPrimary
5602;
5603;
5604;VoteTrumpNH
5605;FITN
5606;FITN
5607;NHPrimary
5608;FITN
5609;VoteTrumpNC
5610;
5611;
5612;
5613;CommonCore
5614;FITN
5615;NHPrimary
5616;
5617;
5618;GOPDebate
5619;FITN
5620;SuperBowlSunday
5621;SB50
5622;FITN
5623;VoteTrumpNC
5624;NHPrimary
5625;
5626;
5627;
5628;GOPDebate
5629;GOPDebate
5630;
5631;
5632;
5633;
5634;
5635;
5636;
5637;
5638;GOPDebate
5639;GPLFers
5640;GOPDebate
5641;
5642;MakeAmericaGreatAgain
5643;TrumpTrain
5644;
5645;
5646;
5647;
5648;FITN
5649;NHPrimary
5650;
5651;Hannity
5652;MakeAmericaGreatAgain
5653;VoteTrump
5654;
5655;
5656;
5657;
5658;
5659;
5660;
5661;TrumpSupporters
5662;
5663;
5664;MakeAmericaGreatAgain
5665;MakeAmericaGreatAgain
5666;MakeAmericaGreatAgain
5667;FITN
5668;NewHampshire
5669;VoteTrumpNH
5670;FITN
5671;NHPolitics
5672;Trump2016
5673;
5674;
5675;Trump2016
5676;
5677;
5678;
5679;
5680;Trump2016
5681;VoterSpeak
5682;MakeAmericaGreatAgain
5683;MakeAmericaGreatAgain
5684;FITN
5685;ObamaCare
5686;
5687;CruzFraud
5688;
5689;
5690;
5691;
5692;
5693;
5694;
5695;
5696;FITN
5697;Trump2016
5698;
5699;TrumpTrain
5700;
5701;
5702;
5703;
5704;
5705;
5706;
5707;
5708;
5709;
5710;
5711;
5712;
5713;CaucusForTrump
5714;CaucusForTrump
5715;IACaucus
5716;CaucusForTrump
5717;CaucusForTrump
5718;
5719;
5720;
5721;
5722;
5723;
5724;
5725;
5726;
5727;
5728;
5729;
5730;IACaucus
5731;CaucusForTrump
5732;
5733;
5734;CaucusForTrump
5735;
5736;
5737;IACaucus
5738;CaucusForTrump
5739;
5740;
5741;
5742;
5743;
5744;MakeAmericaGreatAgain
5745;Trump2016
5746;Trump2016
5747;IACaucus
5748;MakeAmericaGreatAgain
5749;Trump2016
5750;Trump2016
5751;GOPDebate
5752;IACaucus
5753;
5754;
5755;
5756;
5757;IACaucus
5758;MakeAmericaGreatAgain
5759;ThankAVet
5760;GOPDebate
5761;GOPDebate
5762;
5763;
5764;
5765;
5766;Trump4Vets
5767;Trump2016
5768;
5769;GOPDebate
5770;MichaelMoore
5771;FoxNews
5772;ROGERAILES
5773;
5774;
5775;
5776;Iowa
5777;
5778;
5779;
5780;
5781;
5782;YUGE
5783;
5784;
5785;
5786;
5787;
5788;
5789;
5790;Trump2016
5791;MakeAmericaGreatAgain
5792;
5793;
5794;
5795;
5796;MakeAmericaGreatAgain
5797;Trump2016
5798;GOPDebate
5799;MakeAmericaGreatAgain
5800;Trump2016
5801;Trump2016
5802;Trump2016
5803;IACaucus
5804;GOPdebate
5805;
5806;
5807;IACaucus
5808;MakeAmericaGreatAgain
5809;MakeAmericaGreatAgain
5810;Trump2016
5811;
5812;
5813;
5814;
5815;
5816;
5817;
5818;
5819;
5820;
5821;
5822;
5823;
5824;
5825;
5826;Trump2016
5827;FITN
5828;FITN
5829;IowaCaucusMORE
5830;
5831;FITN
5832;
5833;IACaucus
5834;FITN
5835;Trump2016
5836;
5837;VoteTrump
5838;Jonas
5839;NewYorkValues
5840;NewYork
5841;IACaucus
5842;Trump2016
5843;Trump2016
5844;Trump2016
5845;MakeAmericaGreatAgain
5846;MakeAmericaGreatAgain
5847;
5848;WeAreBernie
5849;With_Cruz_you_lose
5850;MakeAmericaGreatAgain
5851;Trump2016
5852;WeWantTrump
5853;MakeAmericaGreatAgain
5854;trump
5855;VoteTrump
5856;MakeAmericaGreatAgain
5857;FITN
5858;Trump2016
5859;Trump2016
5860;Trump2016
5861;IACaucus
5862;AmericaGreatAgain
5863;
5864;Excellent
5865;
5866;
5867;
5868;
5869;
5870;
5871;Trump2016
5872;
5873;
5874;IACaucus
5875;MakeAmericaGreatAgain
5876;
5877;
5878;
5879;
5880;
5881;
5882;
5883;Trump2016
5884;VoteTrump
5885;
5886;
5887;Trump2016
5888;Trump2016
5889;RNC
5890;POTUS
5891;
5892;
5893;
5894;
5895;
5896;Trump2016
5897;
5898;Trump2016
5899;Trump2016
5900;Trump2016
5901;MakeAmericaGreatAgain
5902;MakeAmericaGreatAgain
5903;
5904;CommonLaw
5905;NaturalBorn
5906;TedCruz
5907;
5908;
5909;MaryBrigidMcManamon
5910;MaryBrigidMcManamon
5911;Cruz 
5912;laurencetribe
5913;TedCruz
5914;MakeAmericaGreatAgain
5915;TrumpTrain
5916;VoteTrump
5917;LaurenceTribe
5918;Trump2016
5919;
5920;
5921;
5922;FITN
5923;IACaucus
5924;Trump2016
5925;Trump2016
5926;Trump2016
5927;MakeAmericaGreatAgain
5928;Trump2016
5929;
5930;
5931;
5932;
5933;MakeAmericaGreatAgain
5934;VoteTrump
5935;Trump2016
5936;
5937;FITN
5938;Trump2016
5939;FITN
5940;Trump2016
5941;NHPolitics
5942;Trump2016
5943;
5944;MakeAmericaGreatAgain
5945;Trump2016
5946;
5947;
5948;
5949;Trump2016
5950;MakeAmericaGreatAgain
5951;ECONOMY
5952;
5953;
5954;
5955;
5956;Trump2016
5957;MakeAmericaGreatAgain
5958;Trump2016
5959;
5960;TeamTrump
5961;
5962;
5963;CBNNews
5964;2016
5965;
5966;
5967;Trump2016
5968;Trump2016
5969;Trump2016
5970;Obamacare
5971;
5972;
5973;
5974;Trump2016
5975;
5976;
5977;
5978;
5979;
5980;
5981;
5982;
5983;
5984;MakeAmericaGreatAgain
5985;Trump2016
5986;
5987;
5988;
5989;
5990;
5991;
5992;
5993;
5994;
5995;
5996;
5997;
5998;HarveyPitt
5999;
6000;GOPDebate
6001;
6002;
6003;Trump2016
6004;
6005;
6006;VoteTrump
6007;
6008;
6009;
6010;
6011;Trump2016
6012;
6013;
6014;Trump2016
6015;FoxNews
6016;VoteTrump
6017;VoteTrump
6018;lowaCaucus
6019;VoteTrump
6020;VoteTrump
6021;MakeAmericaGreatAgain
6022;Trump2016
6023;VoteTrump
6024;Trump2016
6025;IACaucus
6026;FITN
6027;IAPolitics
6028;SOTU
6029;SOTU
6030;Trump2016
6031;IACaucus
6032;FITN
6033;
6034;Trump2016
6035;
6036;
6037;TeamTrump
6038;
6039;
6040;
6041;
6042;
6043;Trump2016
6044;
6045;MakeAmericaGreatAgain
6046;Trump2016
6047;
6048;MakeAmericaGreatAgain
6049;
6050;
6051;GoldenGlobe
6052;LESM
6053;Trump2016
6054;
6055;
6056;
6057;
6058;
6059;
6060;
6061;
6062;
6063;
6064;
6065;
6066;
6067;
6068;
6069;
6070;
6071;
6072;Laurence
6073;
6074;
6075;
6076;
6077;FoxNews
6078;MakeAmericaGreatAgain
6079;Trump2016
6080;
6081;
6082;
6083;
6084;Rubio
6085;Bush
6086;
6087;
6088;
6089;
6090;
6091;
6092;
6093;
6094;
6095;
6096;
6097;
6098;
6099;
6100;
6101;
6102;
6103;
6104;
6105;
6106;
6107;
6108;
6109;
6110;
6111;
6112;DavidCameron
6113;WH
6114;
6115;
6116;Trump4President
6117;
6118;
6119;
6120;
6121;
6122;
6123;
6124;Trump2016
6125;
6126;
